Date,Home,Away,Pick_1X2,Prob_1X2,Odds_1X2,Edge_1X2,EV_1X2,Pick_OU,Prob_OU,Odds_OU,Edge_OU,EV_OU,Pick_TG,Prob_TG,Odds_TG,Edge_TG,EV_TG,Higher
2025-08-30 11:30:00,Chelsea,Fulham,1X2 A,67.7%,4.60,47.0%,2.11,OU 2.5 Over,68.4%,1.90,17.1%,0.30,TG 0-3,72.3%,2.80,36.6%,1.02,OU (68.4%)
2025-08-30 14:00:00,Man United,Burnley,1X2 H,67.0%,1.55,5.3%,0.04,OU 2.5 Under,77.5%,2.05,30.1%,0.59,TG 0-3,83.5%,2.90,49.0%,1.42,OU (77.5%)
2025-08-30 14:00:00,Tottenham,Bournemouth,1X2 H,68.4%,2.00,35.1%,0.37,OU 2.5 Over,68.5%,1.90,18.5%,0.30,TG 2-5,71.8%,3.00,38.4%,1.15,OU (68.5%)
2025-08-30 14:00:00,Wolves,Everton,1X2 D,53.2%,2.00,19.9%,0.06,OU 2.5 Under,83.6%,1.90,33.6%,0.59,TG 0-3,85.8%,3.00,52.4%,1.57,OU (83.6%)
2025-08-30 16:30:00,Leeds,Newcastle,1X2 D,45.6%,2.00,12.3%,-0.09,OU 2.5 Under,55.7%,1.90,5.7%,0.06,TG 0-3,80.8%,3.00,47.4%,1.42,OU (55.7%)
2025-08-31 13:00:00,Brighton,Man City,1X2 H,76.8%,2.00,43.4%,0.54,OU 2.5 Over,89.0%,1.90,39.0%,0.69,TG 2-5,72.0%,3.00,38.7%,1.16,OU (89.0%)
2025-08-31 13:00:00,Nott'm Forest,West Ham,1X2 H,52.8%,2.00,19.5%,0.06,OU 2.5 Over,68.4%,1.90,18.4%,0.30,TG 0-3,73.8%,3.00,40.5%,1.22,OU (68.4%)
2025-08-31 15:30:00,Liverpool,Arsenal,1X2 H,52.8%,2.00,19.5%,0.06,OU 2.5 Over,68.4%,1.90,18.4%,0.30,TG 2-5,70.6%,3.00,37.3%,1.12,OU (68.4%)
2025-08-31 18:00:00,Aston Villa,Crystal Palace,1X2 A,61.8%,2.00,28.4%,0.24,OU 2.5 Over,68.5%,1.90,18.5%,0.30,TG 2-5,71.3%,3.00,38.0%,1.14,OU (68.5%)
